{"flying_081.jpg": {"person": {"x1": 0.2930759906768799, "y1": 0.1803420084827351, "x2": 0.5136536121368408, "y2": 0.5316652981740124, "confidence": 0.879706859588623}, "skateboard": {"x1": 0.36838271617889407, "y1": 0.4456267446841834, "x2": 0.42987613677978515, "y2": 0.570160631863576, "confidence": 0.7655407190322876}}, "flying_082.jpg": {"person": {"x1": 0.17998316287994384, "y1": 0.03841344631139553, "x2": 0.611571216583252, "y2": 0.6274363305613305, "confidence": 0.8622612953186035}, "skateboard": {"x1": 0.11395004987716675, "y1": 0.4997611888481029, "x2": 0.3007052421569824, "y2": 0.6927521957429184, "confidence": 0.8484081029891968}}, "flying_083.jpg": {"person": {"x1": 0.38475064032092066, "y1": 0.23300938415527345, "x2": 0.8471054716738399, "y2": 0.45674493408203126, "confidence": 0.8811571598052979}, "skateboard": {"x1": 0.3817456182605492, "y1": 0.35138232421875, "x2": 0.6847905141864709, "y2": 0.5132267456054688, "confidence": 0.8773788809776306}}, "flying_084.jpg": {"person": {"x1": 0.1807736462658948, "y1": 0.22662533569335938, "x2": 0.642151245483765, "y2": 0.8357402954101563, "confidence": 0.8865389227867126}, "skateboard": {"x1": 0.4217932532141517, "y1": 0.8323350219726563, "x2": 0.582872132997255, "y2": 0.8879231567382813, "confidence": 0.30090582370758057}}, "flying_085.jpg": {"person": {"x1": 0.5098225708007813, "y1": 0.06171026602163687, "x2": 0.6504650268554687, "y2": 0.49092922267971095, "confidence": 0.883717954158783}, "skateboard": {"x1": 0.49343801879882815, "y1": 0.39759872482345626, "x2": 0.56373095703125, "y2": 0.6317027323954815, "confidence": 0.8404719233512878}}, "flying_086.jpg": {"person": {"x1": 0.08525131687973485, "y1": 0.22355961799621582, "x2": 0.6291165296292249, "y2": 0.6384124279022216, "confidence": 0.7329047918319702}, "skateboard": {"x1": 0.28255112298996576, "y1": 0.5469883441925049, "x2": 0.5355100831785402, "y2": 0.7473251819610596, "confidence": 0.9007851481437683}}, "flying_087.jpg": {"person": {"x1": 0.40762838745117186, "y1": 0.08729110987840501, "x2": 0.7606729125976562, "y2": 0.5867530575192432, "confidence": 0.9307087659835815}, "skateboard": {"x1": 0.4775269165039063, "y1": 0.47948039457158004, "x2": 0.7334664916992187, "y2": 0.642967156604328, "confidence": 0.8902842998504639}}, "flying_088.jpg": {"person": {"x1": 0.41848154067993165, "y1": 0.147805658976237, "x2": 0.5877228736877441, "y2": 0.5786486307779948, "confidence": 0.9076603055000305}, "skateboard": {"x1": 0.4600368499755859, "y1": 0.4453675587972005, "x2": 0.5446621894836425, "y2": 0.5817245483398438, "confidence": 0.844703733921051}}, "flying_089.jpg": {"person": {"x1": 0.6646282196044921, "y1": 0.42845407011207015, "x2": 0.8319546699523925, "y2": 0.7954034263910685, "confidence": 0.9073044657707214}, "skateboard": {"x1": 0.682846212387085, "y1": 0.707063100223458, "x2": 0.765818452835083, "y2": 0.850031690306018, "confidence": 0.8390052914619446}}, "flying_090.jpg": {"person": {"x1": 0.10944788315716912, "y1": 0.1315160274505615, "x2": 0.720015438304228, "y2": 0.5544103145599365, "confidence": 0.7306187152862549}, "skateboard": {"x1": 0.13737261603860293, "y1": 0.5929962635040283, "x2": 0.6389611098345588, "y2": 0.7015335559844971, "confidence": 0.5617411732673645}}, "flying_091.jpg": {"person": {"x1": 0.28933920288085935, "y1": 0.25834424359662395, "x2": 0.5480903930664063, "y2": 0.6454343137082394, "confidence": 0.8674163222312927}, "skateboard": {"x1": 0.3850099182128906, "y1": 0.577687535558019, "x2": 0.518259033203125, "y2": 0.6870185462562172, "confidence": 0.7479844689369202}}, "flying_092.jpg": {"person": {"x1": 0.5906030382428851, "y1": 0.18751709461212157, "x2": 0.9427806309291294, "y2": 0.5028591156005859, "confidence": 0.940220832824707}, "skateboard": {"x1": 0.7398338317871094, "y1": 0.4396955490112305, "x2": 0.9889775957380023, "y2": 0.5574981689453125, "confidence": 0.9124004244804382}}, "flying_093.jpg": {"person": {"x1": 0.263527512550354, "y1": 0.17595702840453817, "x2": 0.40494909286499026, "y2": 0.5328009901068983, "confidence": 0.9277335405349731}, "skateboard": {"x1": 0.3003652334213257, "y1": 0.5003417399657634, "x2": 0.4047070026397705, "y2": 0.5523196489383013, "confidence": 0.5266479849815369}}, "flying_094.jpg": {"person": {"x1": 0.001134309995068287, "y1": 0.1546787567138672, "x2": 0.8442332100797477, "y2": 0.7312303466796874, "confidence": 0.5632160902023315}, "skateboard": {"x1": 0.4146402059040013, "y1": 0.6501567993164062, "x2": 0.7505339217822701, "y2": 0.7937901611328125, "confidence": 0.9084182381629944}}, "flying_095.jpg": {"person": {"x1": 0.17335124358776827, "y1": 0.31915242671966554, "x2": 0.48380061811194897, "y2": 0.6328503608703613, "confidence": 0.9379541277885437}, "skateboard": {"x1": 0.29860303130891097, "y1": 0.5163534164428711, "x2": 0.46325818125996954, "y2": 0.643016242980957, "confidence": 0.8896018266677856}}, "flying_096.jpg": {"person": {"x1": 0.42591073579877337, "y1": 0.11766490936279297, "x2": 0.6661655033860251, "y2": 0.49205765724182127, "confidence": 0.9116621613502502}, "skateboard": {"x1": 0.4872857209678008, "y1": 0.44138059616088865, "x2": 0.7108493697977512, "y2": 0.5169783592224121, "confidence": 0.8542775511741638}}, "flying_097.jpg": {"person": {"x1": 0.718919094253636, "y1": 0.4328912734985352, "x2": 0.9531816206638168, "y2": 0.6219683647155761, "confidence": 0.9216389060020447}, "skateboard": {"x1": 0.823488823272897, "y1": 0.5534358501434327, "x2": 0.8604043444747445, "y2": 0.6580310344696045, "confidence": 0.7675296068191528}}, "flying_098.jpg": {"person": {"x1": 0.22885582095286885, "y1": 0.060303902626037596, "x2": 0.7205010085809426, "y2": 0.4850934028625488, "confidence": 0.9338023662567139}, "skateboard": {"x1": 0.2907961056997402, "y1": 0.4567269802093506, "x2": 0.6323124977129684, "y2": 0.5072131633758545, "confidence": 0.6443475484848022}}, "flying_099.jpg": {"person": {"x1": 0.20402402762907096, "y1": 0.3902994384765625, "x2": 0.6460914611816406, "y2": 0.5728427734375, "confidence": 0.8601204752922058}, "skateboard": {"x1": 0.30996182453201476, "y1": 0.48549334716796877, "x2": 0.49927911413721293, "y2": 0.580598388671875, "confidence": 0.8096503615379333}}, "flying_100.jpg": {"person": {"x1": 0.5434426307678223, "y1": 0.15785593382069762, "x2": 0.7113306045532226, "y2": 0.772542890808392, "confidence": 0.9240174889564514}, "skateboard": {"x1": 0.584355354309082, "y1": 0.6723172899702905, "x2": 0.7245347976684571, "y2": 0.8030421297315141, "confidence": 0.8645256757736206}}, "moving_081.jpg": {"person": {"x1": 0.4875010459076071, "y1": 0.3549787521362305, "x2": 0.9325887474095877, "y2": 0.8817052841186523, "confidence": 0.9015172123908997}, "skateboard": {"x1": 0.4636527764405443, "y1": 0.8531793594360352, "x2": 0.9370203868883876, "y2": 0.9462154388427735, "confidence": 0.875378429889679}}, "moving_082.jpg": {"person": {"x1": 0.25788519382476804, "y1": 0.1216003133422567, "x2": 0.8557746887207032, "y2": 0.9113663537796839, "confidence": 0.7957186698913574}, "skateboard": {"x1": 0.3998288154602051, "y1": 0.8333690438792978, "x2": 0.555033016204834, "y2": 0.9577669441561043, "confidence": 0.7397680282592773}}, "moving_083.jpg": {"person": {"x1": 0.47905473709106444, "y1": 0.11853763100087218, "x2": 0.7629791259765625, "y2": 0.8004366405786075, "confidence": 0.9229633808135986}, "skateboard": {"x1": 0.4289665222167969, "y1": 0.7540385411640811, "x2": 0.784815788269043, "y2": 0.8575502517953905, "confidence": 0.8599666953086853}}, "moving_084.jpg": {"person": {"x1": 0.2952167749404907, "y1": 0.297165879579348, "x2": 0.6882316589355468, "y2": 0.9939121709805783, "confidence": 0.9190855622291565}, "skateboard": {"x1": 0.384565544128418, "y1": 0.9525860937956337, "x2": 0.4814126968383789, "y2": 1.0, "confidence": 0.7209130525588989}}, "moving_085.jpg": {"person": {"x1": 0.3107101852829392, "y1": 0.308913818359375, "x2": 0.9807933543895458, "y2": 0.76432861328125, "confidence": 0.8731498122215271}, "skateboard": {"x1": 0.6173659316054335,